{"color":{"r":0.4784313725490196,"b":0.2666666666666667,"g":0.7254901960784313,"a":1},"version":1,"parentId":"2CCE16D8-C229-4FCE-A841-B68B766E891A","name":"peaColor","index":0}