{"color":{"r":0.2117647058823529,"b":0.2117647058823529,"g":0.2117647058823529,"a":1},"version":1,"parentId":"2CCE16D8-C229-4FCE-A841-B68B766E891A","name":"blackColor","index":1}